ticket_id,customer_reference,subject,category,priority,region,current_team,current_status,created_at,updated_at,promised_date,actual_resolution_date,sla_status
TCK-1001,CUST-TCK-1001,Billing request TCK-1001,Account Management,P4,Europe,EU Support,PENDING,2026-09-01T14:00:00,2026-09-04T12:00:00,2026-09-13,,ACTIVE
TCK-1002,CUST-TCK-1002,Outage request TCK-1002,Software,P2,Europe,EU Support,RESOLVED,2026-09-03T08:00:00,2026-09-06T06:00:00,2026-09-05,2026-09-04T17:00:00,MET
TCK-1003,CUST-TCK-1003,Replacement request TCK-1003,Software,P4,India,India Support,RESOLVED,2026-09-03T13:00:00,2026-09-06T11:00:00,2026-09-06,2026-09-04T20:00:00,MET
TCK-1004,CUST-TCK-1004,Billing request TCK-1004,Billing,P3,North America,NA Support,PENDING,2026-08-28T08:00:00,2026-08-31T06:00:00,2026-09-08,,ACTIVE
TCK-1005,CUST-TCK-1005,Configuration request TCK-1005,Account Management,P2,Middle East,ME Support,IN_PROGRESS,2026-08-31T16:00:00,2026-09-03T14:00:00,2026-09-12,,ACTIVE
TCK-1006,CUST-TCK-1006,Configuration request TCK-1006,Hardware,P2,North America,NA Support,RESOLVED,2026-09-01T12:00:00,2026-09-04T10:00:00,2026-09-05,2026-09-02T18:00:00,MET
TCK-1007,CUST-TCK-1007,Billing request TCK-1007,Networking,P4,Asia Pacific,APAC Support,PENDING,2026-08-27T16:00:00,2026-08-30T14:00:00,2026-09-09,,ACTIVE
TCK-1008,CUST-TCK-1008,Billing request TCK-1008,Hardware,P2,Latin America,LATAM Support,RESOLVED,2026-09-04T12:00:00,2026-09-07T10:00:00,2026-09-11,2026-09-07T04:00:00,MET
TCK-1009,CUST-TCK-1009,Billing request TCK-1009,Account Management,P4,North America,NA Support,PENDING,2026-09-01T13:00:00,2026-09-04T11:00:00,2026-09-05,,ACTIVE
TCK-1010,CUST-TCK-1010,Configuration request TCK-1010,Software,P1,Latin America,LATAM Support,RESOLVED,2026-09-02T11:00:00,2026-09-05T09:00:00,2026-09-09,2026-09-04T21:00:00,MET
TCK-1011,CUST-TCK-1011,Outage request TCK-1011,Application Support,P2,North America,NA Support,PENDING,2026-09-03T08:00:00,2026-09-06T06:00:00,2026-09-12,,ACTIVE
TCK-1012,CUST-TCK-1012,Outage request TCK-1012,Software,P3,Middle East,ME Support,RESOLVED,2026-08-31T12:00:00,2026-09-03T10:00:00,2026-09-09,2026-09-03T04:00:00,MET
TCK-1013,CUST-TCK-1013,Configuration request TCK-1013,Account Management,P3,North America,NA Support,RESOLVED,2026-08-30T09:00:00,2026-09-02T07:00:00,2026-09-10,2026-09-01T19:00:00,MET
TCK-1014,CUST-TCK-1014,Billing request TCK-1014,Application Support,P3,Europe,EU Support,RESOLVED,2026-08-31T10:00:00,2026-09-03T08:00:00,2026-09-12,2026-09-02T20:00:00,MET
TCK-1015,CUST-TCK-1015,Configuration request TCK-1015,Application Support,P4,India,India Support,PENDING,2026-08-24T15:00:00,2026-08-27T13:00:00,2026-09-11,,ACTIVE
TCK-1016,CUST-TCK-1016,Replacement request TCK-1016,Application Support,P2,India,India Support,PENDING,2026-09-04T10:00:00,2026-09-07T08:00:00,2026-09-10,,ACTIVE
TCK-1017,CUST-TCK-1017,Outage request TCK-1017,Account Management,P1,Asia Pacific,APAC Support,PENDING,2026-08-31T08:00:00,2026-09-03T06:00:00,2026-09-09,,ACTIVE
TCK-1018,CUST-TCK-1018,Replacement request TCK-1018,Application Support,P3,India,India Support,REOPENED,2026-08-25T13:00:00,2026-08-28T11:00:00,2026-09-12,,ACTIVE
TCK-1019,CUST-TCK-1019,Configuration request TCK-1019,Hardware,P4,Latin America,LATAM Support,PENDING,2026-08-29T15:00:00,2026-09-01T13:00:00,2026-09-12,,ACTIVE
TCK-1020,CUST-TCK-1020,Replacement request TCK-1020,Networking,P3,India,India Support,PENDING,2026-09-03T12:00:00,2026-09-06T10:00:00,2026-09-13,,ACTIVE
TCK-1021,CUST-TCK-1021,Outage request TCK-1021,Networking,P3,Asia Pacific,APAC Support,PENDING,2026-08-25T09:00:00,2026-08-28T07:00:00,2026-09-13,,ACTIVE
TCK-1022,CUST-TCK-1022,Upgrade request TCK-1022,Application Support,P1,Asia Pacific,APAC Support,PENDING,2026-08-27T09:00:00,2026-08-30T07:00:00,2026-09-11,,ACTIVE
TCK-1023,CUST-TCK-1023,Outage request TCK-1023,Account Management,P2,Europe,EU Support,REOPENED,2026-08-26T14:00:00,2026-08-29T12:00:00,2026-09-08,,ACTIVE
TCK-1024,CUST-TCK-1024,Billing request TCK-1024,Hardware,P4,Europe,EU Support,REOPENED,2026-09-04T10:00:00,2026-09-07T08:00:00,2026-09-12,,ACTIVE
TCK-1025,CUST-TCK-1025,Configuration request TCK-1025,Application Support,P3,Europe,EU Support,PENDING,2026-08-28T10:00:00,2026-08-31T08:00:00,2026-09-06,,ACTIVE
TCK-1026,CUST-TCK-1026,Billing request TCK-1026,Account Management,P2,Middle East,ME Support,PENDING,2026-09-02T10:00:00,2026-09-05T08:00:00,2026-09-06,,ACTIVE
TCK-1027,CUST-TCK-1027,Upgrade request TCK-1027,Hardware,P3,Middle East,ME Support,RESOLVED,2026-08-26T14:00:00,2026-08-29T12:00:00,2026-08-31,2026-08-27T22:00:00,MET
TCK-1028,CUST-TCK-1028,Replacement request TCK-1028,Account Management,P1,Asia Pacific,APAC Support,RESOLVED,2026-08-26T07:00:00,2026-08-29T05:00:00,2026-08-29,2026-08-27T14:00:00,MET
TCK-1029,CUST-TCK-1029,Upgrade request TCK-1029,Application Support,P1,Asia Pacific,APAC Support,RESOLVED,2026-09-03T07:00:00,2026-09-06T05:00:00,2026-09-06,2026-09-04T18:00:00,MET
TCK-1030,CUST-TCK-1030,Configuration request TCK-1030,Billing,P2,Middle East,ME Support,RESOLVED,2026-08-28T11:00:00,2026-08-31T09:00:00,2026-09-13,2026-08-30T21:00:00,MET
TCK-1031,CUST-TCK-1031,Configuration request TCK-1031,Application Support,P1,North America,NA Support,RESOLVED,2026-09-03T11:00:00,2026-09-06T09:00:00,2026-09-13,2026-09-06T03:00:00,MET
TCK-1032,CUST-TCK-1032,Configuration request TCK-1032,Application Support,P3,Latin America,LATAM Support,RESOLVED,2026-08-29T15:00:00,2026-09-01T13:00:00,2026-09-09,2026-09-01T01:00:00,MET
TCK-1033,CUST-TCK-1033,Outage request TCK-1033,Billing,P2,Middle East,ME Support,RESOLVED,2026-08-30T14:00:00,2026-09-02T12:00:00,2026-09-01,2026-09-01T00:00:00,MET
TCK-1034,CUST-TCK-1034,Outage request TCK-1034,Application Support,P4,Asia Pacific,APAC Support,RESOLVED,2026-08-27T14:00:00,2026-08-30T12:00:00,2026-09-09,2026-08-30T06:00:00,MET
TCK-1035,CUST-TCK-1035,Upgrade request TCK-1035,Billing,P3,Middle East,ME Support,PENDING,2026-08-30T14:00:00,2026-09-02T12:00:00,2026-09-04,,ACTIVE
TCK-1036,CUST-TCK-1036,Replacement request TCK-1036,Networking,P3,Latin America,LATAM Support,IN_PROGRESS,2026-08-31T16:00:00,2026-09-03T14:00:00,2026-09-13,,ACTIVE
TCK-1037,CUST-TCK-1037,Outage request TCK-1037,Application Support,P2,India,India Support,PENDING,2026-09-04T11:00:00,2026-09-07T09:00:00,2026-09-06,,ACTIVE
TCK-1038,CUST-TCK-1038,Billing request TCK-1038,Networking,P1,North America,NA Support,RESOLVED,2026-08-29T08:00:00,2026-09-01T06:00:00,2026-09-01,2026-08-30T17:00:00,MET
TCK-1039,CUST-TCK-1039,Billing request TCK-1039,Hardware,P1,Middle East,ME Support,RESOLVED,2026-08-31T16:00:00,2026-09-03T14:00:00,2026-09-12,2026-09-03T02:00:00,MET
TCK-1040,CUST-TCK-1040,Outage request TCK-1040,Billing,P3,Latin America,LATAM Support,OPEN,2026-08-31T10:00:00,2026-09-03T08:00:00,,,ACTIVE
TCK-1041,CUST-TCK-1041,Upgrade request TCK-1041,Software,P2,Latin America,LATAM Support,PENDING,2026-08-29T15:00:00,2026-09-01T13:00:00,2026-09-08,,ACTIVE
TCK-1042,CUST-TCK-1042,Replacement request TCK-1042,Account Management,P4,Latin America,LATAM Support,IN_PROGRESS,2026-08-31T15:00:00,2026-09-03T13:00:00,2026-09-12,,ACTIVE
TCK-1043,CUST-TCK-1043,Outage request TCK-1043,Hardware,P2,Middle East,ME Support,PENDING,2026-08-25T16:00:00,2026-08-28T14:00:00,2026-09-10,,ACTIVE
TCK-1044,CUST-TCK-1044,Outage request TCK-1044,Billing,P4,India,India Support,PENDING,2026-08-25T09:00:00,2026-08-28T07:00:00,2026-09-08,,ACTIVE
TCK-1045,CUST-TCK-1045,Configuration request TCK-1045,Networking,P3,Middle East,ME Support,IN_PROGRESS,2026-08-29T10:00:00,2026-09-01T08:00:00,2026-09-08,,ACTIVE
TCK-1046,CUST-TCK-1046,Billing request TCK-1046,Account Management,P1,Middle East,ME Support,REOPENED,2026-09-03T08:00:00,2026-09-06T06:00:00,2026-09-09,,ACTIVE
TCK-1047,CUST-TCK-1047,Outage request TCK-1047,Hardware,P3,Asia Pacific,APAC Support,RESOLVED,2026-08-26T09:00:00,2026-08-29T07:00:00,2026-09-12,2026-08-29T01:00:00,MET
TCK-1048,CUST-TCK-1048,Configuration request TCK-1048,Application Support,P2,Middle East,ME Support,RESOLVED,2026-08-28T10:00:00,2026-08-31T08:00:00,2026-09-10,2026-08-30T20:00:00,MET
TCK-1049,CUST-TCK-1049,Replacement request TCK-1049,Hardware,P4,North America,NA Support,RESOLVED,2026-08-27T12:00:00,2026-08-30T10:00:00,2026-08-29,2026-08-28T23:00:00,MET
TCK-1050,CUST-TCK-1050,Outage request TCK-1050,Account Management,P3,Asia Pacific,APAC Support,RESOLVED,2026-08-30T15:00:00,2026-09-02T13:00:00,2026-09-13,2026-09-02T01:00:00,MET
TCK-1051,CUST-TCK-1051,Upgrade request TCK-1051,Hardware,P1,North America,NA Support,RESOLVED,2026-09-02T11:00:00,2026-09-05T09:00:00,2026-09-13,2026-09-04T21:00:00,MET
TCK-1052,CUST-TCK-1052,Billing request TCK-1052,Account Management,P2,North America,NA Support,RESOLVED,2026-08-26T10:00:00,2026-08-29T08:00:00,2026-08-29,2026-08-27T21:00:00,MET
TCK-1053,CUST-TCK-1053,Outage request TCK-1053,Billing,P2,Latin America,LATAM Support,RESOLVED,2026-08-24T14:00:00,2026-08-27T12:00:00,2026-09-10,2026-08-27T06:00:00,MET
TCK-1054,CUST-TCK-1054,Configuration request TCK-1054,Billing,P2,Latin America,LATAM Support,RESOLVED,2026-08-26T14:00:00,2026-08-29T12:00:00,2026-08-29,2026-08-28T01:00:00,MET
TCK-1055,CUST-TCK-1055,Outage request TCK-1055,Billing,P3,North America,NA Support,RESOLVED,2026-08-24T08:00:00,2026-08-27T06:00:00,2026-08-28,2026-08-25T17:00:00,MET
TCK-1056,CUST-TCK-1056,Replacement request TCK-1056,Networking,P3,North America,NA Support,RESOLVED,2026-09-01T13:00:00,2026-09-04T11:00:00,2026-09-05,2026-09-02T20:00:00,MET
TCK-1057,CUST-TCK-1057,Replacement request TCK-1057,Billing,P2,Europe,EU Support,RESOLVED,2026-09-04T15:00:00,2026-09-07T13:00:00,2026-09-12,2026-09-07T01:00:00,MET
TCK-1058,CUST-TCK-1058,Configuration request TCK-1058,Application Support,P4,Middle East,ME Support,IN_PROGRESS,2026-08-29T12:00:00,2026-09-01T10:00:00,2026-09-11,,ACTIVE
TCK-1059,CUST-TCK-1059,Outage request TCK-1059,Software,P1,Latin America,LATAM Support,PENDING,2026-09-04T11:00:00,2026-09-07T09:00:00,2026-09-11,,ACTIVE
TCK-1060,CUST-TCK-1060,Upgrade request TCK-1060,Networking,P1,Middle East,ME Support,RESOLVED,2026-09-01T09:00:00,2026-09-04T07:00:00,2026-09-03,2026-09-02T20:00:00,MET
TCK-1061,CUST-TCK-1061,Replacement request TCK-1061,Networking,P1,India,India Support,PENDING,2026-09-02T13:00:00,2026-09-05T11:00:00,2026-09-13,,ACTIVE
TCK-1062,CUST-TCK-1062,Outage request TCK-1062,Hardware,P4,Latin America,LATAM Support,RESOLVED,2026-08-28T07:00:00,2026-08-31T05:00:00,2026-08-31,2026-08-29T12:00:00,MET
TCK-1063,CUST-TCK-1063,Configuration request TCK-1063,Billing,P4,Middle East,ME Support,RESOLVED,2026-08-29T15:00:00,2026-09-01T13:00:00,2026-09-12,2026-09-01T01:00:00,MET
TCK-1064,CUST-TCK-1064,Upgrade request TCK-1064,Billing,P4,India,India Support,PENDING,2026-08-29T08:00:00,2026-09-01T06:00:00,2026-09-11,,ACTIVE
TCK-1065,CUST-TCK-1065,Replacement request TCK-1065,Networking,P3,Latin America,LATAM Support,PENDING,2026-09-02T07:00:00,2026-09-05T05:00:00,2026-09-12,,ACTIVE
TCK-1066,CUST-TCK-1066,Configuration request TCK-1066,Hardware,P3,Europe,EU Support,RESOLVED,2026-08-25T10:00:00,2026-08-28T08:00:00,2026-08-27,2026-08-26T21:00:00,MET
TCK-1067,CUST-TCK-1067,Configuration request TCK-1067,Software,P2,India,India Support,PENDING,2026-08-30T07:00:00,2026-09-02T05:00:00,2026-09-10,,ACTIVE
TCK-1068,CUST-TCK-1068,Configuration request TCK-1068,Billing,P3,Asia Pacific,APAC Support,IN_PROGRESS,2026-08-30T12:00:00,2026-09-02T10:00:00,2026-09-09,,ACTIVE
TCK-1069,CUST-TCK-1069,Replacement request TCK-1069,Account Management,P3,India,India Support,PENDING,2026-09-03T16:00:00,2026-09-06T14:00:00,2026-09-10,,ACTIVE
TCK-1070,CUST-TCK-1070,Outage request TCK-1070,Software,P2,North America,NA Support,PENDING,2026-08-28T13:00:00,2026-08-31T11:00:00,2026-09-05,,ACTIVE
TCK-1071,CUST-TCK-1071,Outage request TCK-1071,Billing,P1,India,India Support,IN_PROGRESS,2026-08-26T13:00:00,2026-08-29T11:00:00,2026-09-11,,ACTIVE
TCK-1072,CUST-TCK-1072,Upgrade request TCK-1072,Networking,P2,India,India Support,RESOLVED,2026-09-03T08:00:00,2026-09-06T06:00:00,2026-09-06,2026-09-04T14:00:00,MET
TCK-1073,CUST-TCK-1073,Billing request TCK-1073,Billing,P3,Asia Pacific,APAC Support,REOPENED,2026-08-25T16:00:00,2026-08-28T14:00:00,2026-09-12,,ACTIVE
TCK-1074,CUST-TCK-1074,Upgrade request TCK-1074,Hardware,P1,Middle East,ME Support,PENDING,2026-08-31T14:00:00,2026-09-03T12:00:00,2026-09-11,,ACTIVE
TCK-1075,CUST-TCK-1075,Replacement request TCK-1075,Networking,P2,Asia Pacific,APAC Support,PENDING,2026-08-30T14:00:00,2026-09-02T12:00:00,2026-09-12,,ACTIVE
TCK-1076,CUST-TCK-1076,Upgrade request TCK-1076,Software,P3,Asia Pacific,APAC Support,RESOLVED,2026-08-27T16:00:00,2026-08-30T14:00:00,2026-08-31,2026-08-28T21:00:00,MET
TCK-1077,CUST-TCK-1077,Replacement request TCK-1077,Software,P3,Asia Pacific,APAC Support,RESOLVED,2026-08-31T16:00:00,2026-09-03T14:00:00,2026-09-02,2026-09-02T02:00:00,MET
TCK-1078,CUST-TCK-1078,Replacement request TCK-1078,Networking,P3,Europe,EU Support,IN_PROGRESS,2026-08-25T13:00:00,2026-08-28T11:00:00,2026-09-13,,ACTIVE
TCK-1079,CUST-TCK-1079,Upgrade request TCK-1079,Application Support,P1,North America,NA Support,IN_PROGRESS,2026-09-03T15:00:00,2026-09-06T13:00:00,2026-09-12,,ACTIVE
TCK-1080,CUST-TCK-1080,Outage request TCK-1080,Billing,P4,Europe,EU Support,PENDING,2026-08-31T10:00:00,2026-09-03T08:00:00,2026-09-11,,ACTIVE
TCK-1081,CUST-TCK-1081,Configuration request TCK-1081,Billing,P4,Latin America,LATAM Support,IN_PROGRESS,2026-08-31T09:00:00,2026-09-03T07:00:00,2026-09-08,,ACTIVE
TCK-1082,CUST-TCK-1082,Replacement request TCK-1082,Billing,P2,Middle East,ME Support,PENDING,2026-09-01T08:00:00,2026-09-04T06:00:00,2026-09-11,,ACTIVE
TCK-1083,CUST-TCK-1083,Configuration request TCK-1083,Software,P2,Middle East,ME Support,PENDING,2026-09-03T11:00:00,2026-09-06T09:00:00,2026-09-08,,ACTIVE
TCK-1084,CUST-TCK-1084,Configuration request TCK-1084,Networking,P1,Latin America,LATAM Support,REOPENED,2026-09-03T14:00:00,2026-09-06T12:00:00,2026-09-08,,ACTIVE
TCK-1085,CUST-TCK-1085,Replacement request TCK-1085,Networking,P3,Asia Pacific,APAC Support,RESOLVED,2026-08-25T08:00:00,2026-08-28T06:00:00,2026-08-29,2026-08-26T18:00:00,MET
TCK-1086,CUST-TCK-1086,Upgrade request TCK-1086,Software,P1,Europe,EU Support,RESOLVED,2026-08-26T12:00:00,2026-08-29T10:00:00,2026-09-13,2026-08-29T04:00:00,MET
TCK-1087,CUST-TCK-1087,Configuration request TCK-1087,Networking,P4,North America,NA Support,IN_PROGRESS,2026-09-04T11:00:00,2026-09-07T09:00:00,2026-09-10,,ACTIVE
TCK-1088,CUST-TCK-1088,Replacement request TCK-1088,Hardware,P4,Asia Pacific,APAC Support,PENDING,2026-08-30T11:00:00,2026-09-02T09:00:00,2026-09-06,,ACTIVE
TCK-1089,CUST-TCK-1089,Upgrade request TCK-1089,Software,P4,India,India Support,RESOLVED,2026-08-26T13:00:00,2026-08-29T11:00:00,2026-09-13,2026-08-29T05:00:00,MET
TCK-1090,CUST-TCK-1090,Replacement request TCK-1090,Hardware,P2,North America,NA Support,RESOLVED,2026-08-26T14:00:00,2026-08-29T12:00:00,2026-09-13,2026-08-29T00:00:00,MET
TCK-1091,CUST-TCK-1091,Billing request TCK-1091,Billing,P3,Middle East,ME Support,RESOLVED,2026-08-27T13:00:00,2026-08-30T11:00:00,2026-09-10,2026-08-29T23:00:00,MET
TCK-1092,CUST-TCK-1092,Billing request TCK-1092,Hardware,P4,India,India Support,PENDING,2026-09-01T09:00:00,2026-09-04T07:00:00,2026-09-08,,ACTIVE
TCK-1093,CUST-TCK-1093,Replacement request TCK-1093,Billing,P2,India,India Support,IN_PROGRESS,2026-09-02T09:00:00,2026-09-05T07:00:00,2026-09-13,,ACTIVE
TCK-1094,CUST-TCK-1094,Configuration request TCK-1094,Application Support,P4,Europe,EU Support,RESOLVED,2026-09-03T13:00:00,2026-09-06T11:00:00,2026-09-07,2026-09-04T18:00:00,MET
TCK-1095,CUST-TCK-1095,Billing request TCK-1095,Billing,P2,Middle East,ME Support,PENDING,2026-09-03T09:00:00,2026-09-06T07:00:00,2026-09-12,,ACTIVE
TCK-1096,CUST-TCK-1096,Billing request TCK-1096,Networking,P2,Middle East,ME Support,PENDING,2026-08-27T09:00:00,2026-08-30T07:00:00,2026-09-06,,ACTIVE
TCK-1097,CUST-TCK-1097,Outage request TCK-1097,Application Support,P1,Latin America,LATAM Support,RESOLVED,2026-08-26T16:00:00,2026-08-29T14:00:00,2026-08-30,2026-08-27T22:00:00,MET
TCK-1098,CUST-TCK-1098,Upgrade request TCK-1098,Networking,P2,Asia Pacific,APAC Support,RESOLVED,2026-08-28T12:00:00,2026-08-31T10:00:00,2026-09-09,2026-08-31T04:00:00,MET
TCK-1099,CUST-TCK-1099,Billing request TCK-1099,Account Management,P2,North America,NA Support,PENDING,2026-08-31T16:00:00,2026-09-03T14:00:00,2026-09-11,,ACTIVE
TCK-1100,CUST-TCK-1100,Configuration request TCK-1100,Software,P2,North America,NA Support,REOPENED,2026-08-29T14:00:00,2026-09-01T12:00:00,2026-09-12,,ACTIVE
TCK-1101,CUST-TCK-1101,Outage request TCK-1101,Billing,P3,Middle East,ME Support,RESOLVED,2026-09-03T09:00:00,2026-09-06T07:00:00,2026-09-07,2026-09-04T15:00:00,MET
TCK-1102,CUST-TCK-1102,Configuration request TCK-1102,Billing,P3,Middle East,ME Support,IN_PROGRESS,2026-09-02T13:00:00,2026-09-05T11:00:00,2026-09-08,,ACTIVE
TCK-1103,CUST-TCK-1103,Upgrade request TCK-1103,Software,P2,Europe,EU Support,RESOLVED,2026-08-28T14:00:00,2026-08-31T12:00:00,2026-09-01,2026-08-30T01:00:00,MET
TCK-1104,CUST-TCK-1104,Outage request TCK-1104,Application Support,P1,India,India Support,RESOLVED,2026-09-04T12:00:00,2026-09-07T10:00:00,2026-09-10,2026-09-06T22:00:00,MET
TCK-1105,CUST-TCK-1105,Billing request TCK-1105,Hardware,P1,Europe,EU Support,RESOLVED,2026-09-02T10:00:00,2026-09-05T08:00:00,2026-09-13,2026-09-04T20:00:00,MET
TCK-1106,CUST-TCK-1106,Configuration request TCK-1106,Billing,P4,North America,NA Support,RESOLVED,2026-08-27T15:00:00,2026-08-30T13:00:00,2026-09-09,2026-08-30T01:00:00,MET
TCK-1107,CUST-TCK-1107,Billing request TCK-1107,Networking,P3,Middle East,ME Support,IN_PROGRESS,2026-09-01T11:00:00,2026-09-04T09:00:00,2026-09-09,,ACTIVE
TCK-1108,CUST-TCK-1108,Billing request TCK-1108,Application Support,P4,India,India Support,RESOLVED,2026-08-30T11:00:00,2026-09-02T09:00:00,2026-09-02,2026-08-31T17:00:00,MET
TCK-1109,CUST-TCK-1109,Replacement request TCK-1109,Hardware,P2,North America,NA Support,RESOLVED,2026-08-29T14:00:00,2026-09-01T12:00:00,2026-09-02,2026-08-31T00:00:00,MET
TCK-1110,CUST-TCK-1110,Billing request TCK-1110,Software,P4,Middle East,ME Support,PENDING,2026-08-27T07:00:00,2026-08-30T05:00:00,2026-09-06,,ACTIVE
DEMO-001,CUST-001,Configuration update required after investigation,Software,P2,India,India Support,IN_PROGRESS,2026-09-03T09:00:00,2026-09-06T07:00:00,2026-09-12,,ACTIVE
DEMO-002,CUST-002,Security approval required for change,Application Support,P2,Europe,EU Support,PENDING,2026-09-02T09:00:00,2026-09-05T07:00:00,2026-09-12,,ACTIVE
DEMO-003,CUST-003,Replacement component required,Hardware,P2,North America,NA Support,PENDING,2026-09-01T09:00:00,2026-09-04T07:00:00,2026-09-10,,ACTIVE
DEMO-004,CUST-004,Part installation delayed,Hardware,P2,Asia Pacific,APAC Support,PENDING,2026-08-29T09:00:00,2026-09-01T07:00:00,2026-09-04,,ACTIVE
DEMO-005,CUST-005,Conflicting status sequence,Software,P3,India,India Support,IN_PROGRESS,2026-08-30T09:00:00,2026-09-02T07:00:00,2026-09-09,,ACTIVE
DEMO-006,CUST-006,Insufficient progress information,Account Management,P3,North America,NA Support,OPEN,2026-09-06T10:00:00,2026-09-09T08:00:00,,,ACTIVE
DEMO-007,CUST-007,Issue recurred after resolution,Software,P2,Latin America,LATAM Support,REOPENED,2026-08-26T09:00:00,2026-08-29T07:00:00,2026-09-11,,ACTIVE
XTCK-001,CUST-XTCK-001,Out-of-order event test,Networking,P3,Europe,EU Support,IN_PROGRESS,2026-09-03T09:00:00,2026-09-06T07:00:00,2026-09-11,,ACTIVE
XTCK-002,CUST-XTCK-002,Duplicate event test,Application Support,P4,Middle East,ME Support,IN_PROGRESS,2026-09-04T10:00:00,2026-09-07T08:00:00,2026-09-10,,ACTIVE
